t,x,v,a
4.142136,0.928203,-1.583592,-2.233574
8.284271,-0.143594,-0.167184,0.438726
2.426407,-1.215390,1.249224,3.681740
6.568542,1.712813,2.665631,-8.210572
0.710678,0.641016,-1.917961,-1.107990
4.852814,-0.430781,-0.501553,1.308986
8.994949,-1.502577,0.914855,5.459287
3.137085,1.425626,2.331263,-6.121105
7.279221,0.353829,-2.252329,-0.108803
1.421356,-0.717968,-0.835921,2.311094
5.563492,-1.789764,0.580487,7.730766
9.705627,1.138439,1.996894,-4.427202
3.847763,0.066642,-2.586698,0.738028
7.989899,-1.005155,-1.170290,3.525252
2.132034,1.923048,0.246118,-9.159674
6.274170,0.851252,1.662526,-3.090849
0.416306,-0.220545,-2.921066,1.588771
4.558441,-1.292342,-1.504658,5.037248
8.700577,1.635861,-0.088251,-6.693807
2.842712,0.564065,1.328157,-1.967827
6.984848,-0.507732,2.744565,0.377035
1.126984,-1.579529,-1.839027,6.948195
5.269119,1.348674,-0.422619,-4.712325
9.411255,0.276878,0.993789,-1.067383
3.553391,-0.794919,2.410197,1.441929
7.695526,-1.866716,-2.173396,9.326381
1.837662,1.061487,-0.756988,-3.100947
5.979797,-0.010310,0.659420,-0.210416
0.121933,-1.082106,2.075828,2.758019
4.264069,1.846097,-2.507764,-7.495559
8.406204,0.774300,-1.091356,-1.815771
2.548340,-0.297497,0.325052,0.637562
6.690476,-1.369293,1.741460,4.335831
0.832611,1.558910,-2.842133,-5.171459
4.974747,0.487113,-1.425725,-0.802962
9.116882,-0.584684,-0.009317,1.582467
3.259018,-1.656480,1.407091,6.361647
7.401154,1.271723,2.823499,-5.420960
1.543289,0.199926,-1.760093,0.127726
5.685425,-0.871871,-0.343685,2.690395
9.827561,-1.943668,1.072722,8.885357
3.969696,0.984536,2.489130,-3.925124
8.111832,-0.087261,-2.094462,0.954349
2.253967,-1.159058,-0.678054,4.052882
6.396103,1.769145,0.738354,-7.998615
0.538239,0.697349,2.154762,-2.705695
4.680374,-0.374448,-2.428830,1.797852
8.822510,-1.446245,-1.012422,5.792382
2.964646,1.481958,0.403985,-5.794789
7.106781,0.410162,1.820393,-1.691840
1.248917,-0.661635,-2.763199,2.779558
5.391052,-1.733432,-1.346791,7.911735
9.533188,1.194771,0.069617,-4.046507
3.675324,0.122974,1.486025,-0.848531
7.817459,-0.948822,2.902433,1.859838
1.959595,1.979381,-1.681160,-9.011692
6.101731,0.907584,-0.264752,-2.623802
0.243866,-0.164213,1.151656,0.007175
4.386002,-1.236009,2.568064,3.336699
8.528137,1.692194,-2.015528,-6.444173
2.670273,0.620397,-0.599120,-1.466916
6.812409,-0.451400,0.817288,0.895727
0.954544,-1.523196,2.233695,5.163047
5.096680,1.405007,-2.349897,-4.340428
9.238816,0.333210,-0.933489,-0.546421
3.380951,-0.738587,0.482919,1.904270
7.523087,-1.810384,1.899327,7.401365
1.665222,1.117820,-2.684265,-2.690455
5.807358,0.046023,-1.267857,0.325957
9.949494,-1.025774,0.148551,3.169201
4.091629,1.902429,1.564958,-9.453971
8.233765,0.830633,2.981366,-3.445511
2.375901,-0.241164,-1.602226,1.164558
6.518036,-1.312961,-0.185818,4.685832
0.660172,1.615242,1.230590,-6.994077
4.802307,0.543446,2.646998,-2.385988
8.944443,-0.528351,-1.936594,2.103808
3.086579,-1.600148,-0.520187,6.638912
7.228714,1.328055,0.896221,-5.043036
1.370850,0.256258,2.312629,-1.459054
5.512986,-0.815538,-2.270963,3.167783
9.655121,-1.887335,-0.854555,9.047758
3.797257,1.040868,0.561853,-3.488531
7.939392,-0.030929,1.978261,-0.602311
2.081528,-1.102725,-2.605331,4.464070
6.223664,1.825478,-1.188924,-7.799551
0.365799,0.753681,0.227484,-2.237673
4.507935,-0.318116,1.643892,0.250284
8.650071,-1.389913,-2.939700,6.130681
2.792206,1.538291,-1.523292,-5.488946
6.934342,0.466494,-0.106884,-1.204040
1.076477,-0.605303,1.309524,1.203977
5.218613,-1.677100,2.725931,6.084755
9.360749,1.251104,-1.857661,-3.645663
3.502884,0.179307,-0.441253,-0.286037
7.645020,-0.892490,0.975155,2.304015
1.787156,-1.964287,2.391563,8.621812
5.929291,0.963917,-2.192029,-2.187352
0.071427,-0.107880,-0.775621,0.542157
4.213562,-1.179677,0.640786,3.725427
8.355698,1.748526,2.057194,-8.301018
2.497834,0.676729,-2.526398,-0.991047
6.639969,-0.395067,-1.109990,1.405821
0.782105,-1.466864,0.306418,5.455538
4.924240,1.461339,1.722826,-6.110914
9.066376,0.389542,-2.860766,-0.011624
3.208512,-0.682254,-1.444358,2.409846
7.350647,-1.754051,-0.027951,7.612968
1.492783,1.174152,1.388457,-4.394159
5.634919,0.102355,2.804865,-1.229405
9.777054,-0.969441,-1.778727,3.602550
3.919190,1.958762,-0.362319,-9.285380
8.061325,0.886965,1.054089,-2.991993
2.203461,-0.184832,2.470497,-0.393151
6.345597,-1.256629,-2.113096,5.061934
0.487732,1.671575,-0.696688,-6.736494
4.629868,0.599778,0.719720,-1.866555
8.772004,-0.472019,2.136128,0.515302
2.914139,-1.543816,-2.447464,6.923090
7.056275,1.384388,-1.031056,-4.688316
1.198410,0.312591,0.385352,-0.934602
5.340546,-0.759206,1.801760,1.528525
9.482682,-1.831003,-2.781833,9.225543
3.624817,1.097201,-1.365425,-3.066120
7.766953,0.025404,0.050983,-0.089429
1.909089,-1.046393,1.467391,2.806823
6.051224,1.881810,2.883799,-9.721311
0.193360,0.810013,-1.699793,-1.730373
4.335495,-0.261783,-0.283385,0.757764
8.477631,-1.333580,1.133022,4.371185
2.619767,1.594623,2.549430,-7.295077
6.761902,0.522826,-2.034162,-0.680082
0.904038,-0.548970,-0.617754,1.685793
5.046174,-1.620767,0.798654,6.329585
9.188309,1.307436,2.215062,-5.404061
3.330445,0.235639,-2.368530,0.226596
7.472580,-0.836157,-0.952122,2.789460
1.614716,-1.907954,0.464285,8.790396
5.756852,1.020249,1.880693,-3.842928
9.898987,-0.051548,-2.702899,1.058231
4.041123,-1.123345,-1.286491,4.092329
8.183259,1.804859,0.129917,-8.077514
2.325394,0.733062,1.546325,-2.610135
6.467530,-0.338735,2.962733,-0.153777
0.609665,-1.410532,-1.620860,5.795031
4.751801,1.517672,-0.204452,-5.840029
8.893937,0.445875,1.211956,-1.607315
3.036072,-0.625922,2.628364,0.774900
7.178208,-1.697719,-1.955228,7.847885
1.320344,1.230485,-0.538820,-4.010760
